id,total_sales
row_00009,1922.374079875151
row_00015,4175.352416071225
row_00019,4503.569463581394
row_00020,2628.4163361307756
row_00023,3886.8448193575596
row_00026,153.06085954236647
row_00027,3933.7188786794122
row_00033,1468.443431265194
row_00034,602.3384782654425
row_00037,1503.5096191479827
row_00041,873.6086554152209
row_00042,647.0113011369034
row_00045,590.5486055961127
row_00049,4280.511095779941
row_00056,964.5267976275506
row_00057,1041.274100615094
row_00060,564.4434376329247
row_00079,2156.145511060756
row_00082,3920.759883553637
row_00085,3945.201238089931
row_00091,1404.3688737328673
row_00104,1520.5346902864667
row_00105,1234.5732190360302
row_00109,738.8940992387027
row_00115,715.9047647826973
row_00117,208.2809224886519
row_00119,5128.144549073243
row_00120,1190.8839888961304
row_00123,419.2418664879148
row_00125,1985.0048170951166
row_00130,386.94093768399114
row_00132,487.8495592159208
row_00134,1598.3586547202606
row_00139,2714.82376879564
row_00141,3684.7297085650343
row_00144,1746.9997224817766
row_00162,3340.4780090262375
row_00189,823.8102391818854
row_00192,3031.5905158722567
row_00202,1510.3721374832667
row_00203,2603.7677377336026
row_00208,1465.3000411505895
row_00210,3366.820512218434
row_00220,4336.767600570003
row_00235,2038.3277953733511
row_00236,2023.5243737041685
row_00247,198.5767936339353
row_00249,1028.879190914907
row_00252,3684.9526573844046
row_00254,2319.5101056922344
row_00256,4033.8455577578848
row_00260,4546.227344762653
row_00265,1151.6750141073687
row_00266,2447.9372671008036
row_00269,2454.0228369910074
row_00283,1635.617888114377
row_00288,484.62361283816387
row_00293,1624.5052270906276
row_00296,679.2210709051737
row_00298,211.57401431521728
row_00301,1239.2669172134792
row_00305,1905.716585988711
row_00322,856.2180196596925
row_00323,2488.8227049444263
row_00325,2555.5950293570813
row_00327,3189.0701833583194
row_00336,2461.2827044449964
row_00337,4166.012031103204
row_00341,1619.1300313280349
row_00345,3222.6542021022583
row_00353,2597.526768188656
row_00354,1219.3322265010295
row_00363,2570.66176410987
row_00368,6975.594687267655
row_00370,5495.881566745964
row_00373,1228.6829003031792
row_00374,2420.0492210174557
row_00375,1036.2535712983997
row_00377,3142.2079470003855
row_00385,1159.2732613960259
row_00389,1608.9285480530164
row_00391,1201.210966870189
row_00404,176.47952581429396
row_00405,2899.025383507328
row_00407,3495.760736588564
row_00415,1675.4196825175227
row_00416,3455.4336047981556
row_00423,563.0063735719855
row_00430,3000.0184255514055
row_00431,2154.220853393709
row_00435,1694.909601788073
row_00437,3448.79258709079
row_00438,194.5173917355125
row_00439,4513.856205811601
row_00441,2673.437790383974
row_00447,45.33096448638165
row_00448,486.99639130771664
row_00449,111.93160797790928
row_00460,107.37530588093205
row_00465,1361.4555432594614
row_00472,710.2354205252603
row_00476,74.55821432830959
row_00478,1505.6661563645387
row_00480,318.1491979943672
row_00485,6433.063756817003
row_00488,1220.9708867307902
row_00498,4640.401980214276
row_00499,1193.6095592599527
row_00500,3386.442959922589
row_00504,3292.0438856227374
row_00508,224.00545115565228
row_00518,220.43375535905244
row_00519,1311.503099508105
row_00520,1658.0027434606106
row_00525,739.986072142802
row_00526,1571.5219417233195
row_00530,1237.3275377920847
row_00531,4739.978740191193
row_00534,2224.5735467032982
row_00538,1276.0754282207618
row_00543,157.36292695877998
row_00551,679.416438829198
row_00555,1046.4349376015361
row_00559,1520.5692964158038
row_00561,3511.3115168848444
row_00569,4727.765708893452
row_00572,321.91099886530435
row_00577,2935.1727398108396
row_00580,6902.720072227101
row_00584,8051.348021391062
row_00585,4503.437550282963
row_00591,735.8500294383621
row_00601,1629.3302209603498
row_00603,3422.6469821772794
row_00613,3518.613003971221
row_00618,536.0904771168883
row_00620,4241.506197031521
row_00622,3198.906813733801
row_00623,636.0538105045517
row_00632,600.9075118744342
row_00635,1526.11993395126
row_00637,724.1414630064937
row_00638,508.7078846666712
row_00640,1237.7834437689148
row_00641,161.25007461388034
row_00646,3595.939692621767
row_00649,1211.1395902968582
row_00656,2710.0757206520575
row_00659,662.1291473283161
row_00661,2719.682552991174
row_00662,1866.2210692218848
row_00663,1408.3494335901846
row_00667,2386.033745991589
row_00670,163.1873650790283
row_00673,2130.4044942080313
row_00674,2869.2124624132625
row_00681,1820.835595586499
row_00683,1723.6106963625932
row_00684,3391.359416966493
row_00689,2924.9984555292813
row_00690,475.1961881946009
row_00698,1977.4753829809076
row_00700,997.1274458764941
row_00702,3720.9852781601307
row_00704,1945.8281109213224
row_00705,125.2676858481346
row_00710,1405.6793647125323
row_00711,459.79909421165524
row_00714,2595.1988667508863
row_00716,1145.8840208409379
row_00720,4532.351667896341
row_00721,1817.886171324241
row_00723,580.3886969543455
row_00730,2065.696776641017
row_00732,1683.314386908657
row_00733,4493.62761666501
row_00741,6065.064066151166
row_00753,4807.957806931682
row_00755,60.51050114151096
row_00760,2553.259510617683
row_00764,1486.8791143371056
row_00770,2749.831869908347
row_00771,7219.259921841665
row_00774,3118.315190510062
row_00783,415.03699760900827
row_00796,98.98141697317777
row_00804,3048.548853738744
row_00808,1658.0944130716207
row_00812,530.8510746326531
row_00814,1754.6894199879753
row_00815,1834.254653858475
row_00819,5963.265616401069
row_00825,1578.8542570349537
row_00826,2226.303245118922
row_00832,265.02634913334214
row_00835,1420.6700221000794
row_00840,1256.236992345644
row_00844,4896.905934962862
row_00845,1039.5554602550599
row_00851,1095.5529607031065
row_00856,1425.2554187902476
row_00868,179.48571550711893
row_00874,3289.2096267778397
row_00875,1722.0634998966436
row_00880,1269.406633900628
row_00882,719.020118660696
row_00884,775.9877646052884
row_00891,2708.786589115793
row_00899,957.4023116482887
row_00905,1145.4051485002901
row_00906,2758.9087481087518
row_00914,3103.1248752238566
row_00924,827.3532692472586
row_00946,2637.093531813256
row_00947,2233.47123664787
row_00948,1742.5103211400417
row_00963,3527.445747034031
row_00977,3037.189643177122
row_00980,1460.1595987055496
row_00981,218.81747422177224
row_00984,7259.002749688126
row_00996,1617.685859762695
row_00997,163.2715454473768
row_00998,1576.742491781628
row_00999,3024.4086041676014
row_01001,1591.2086639232325
row_01017,797.9433480035054
row_01025,4712.407623787727
row_01026,1089.1576327994308
row_01031,308.1512881648974
row_01032,1405.0570830286115
row_01034,5114.879687882345
row_01043,4913.40962560227
row_01044,5380.01074900278
row_01046,410.2062293941065
row_01050,2112.457697759395
row_01064,2783.0027323920403
row_01077,4072.0968794497517
row_01078,2017.3681846878055
row_01085,325.6742748293512
row_01090,2261.6602820875873
row_01093,1408.0411816492744
row_01104,182.04895631419078
row_01105,831.4684114080312
row_01107,3119.33763874754
row_01108,3350.8295852354663
row_01111,791.0138552697966
row_01115,3209.697327194357
row_01119,2730.6805803610564
row_01123,4595.769266855448
row_01124,3644.3800045345893
row_01126,196.40180407268065
row_01129,729.0510624252539
row_01145,2180.991883118134
row_01146,1299.5378800223286
row_01148,1137.8220155800245
row_01162,1814.8182809758819
row_01165,551.6584869243086
row_01178,2369.0193266835
row_01183,89.1613762572393
row_01190,1616.7386807333041
row_01191,2592.982575868188
row_01192,4640.321594051976
row_01197,2322.0630115938247
row_01202,6175.621011480128
row_01205,1607.6231505835087
row_01207,8245.321760954423
row_01209,125.14354358589213
row_01211,2038.7646662302245
row_01212,1994.704142948584
row_01213,1786.6934248526147
row_01215,1434.7482286542966
row_01237,1305.0516985769627
row_01246,2675.0470091180773
row_01254,3048.5133439738574
row_01263,71.48832286178963
row_01266,4296.841084229907
row_01268,93.37392022228195
row_01277,2722.870785478736
row_01293,3493.8677065139664
row_01294,3283.9862165378076
row_01295,268.95663626143016
row_01300,5329.401909173533
row_01304,3107.540479777467
row_01311,1899.3228062390315
row_01314,2105.6313557855387
row_01315,283.6314072209409
row_01330,997.3612723077257
row_01332,932.9618175344702
row_01334,3092.8277585001774
row_01345,488.9766488163232
row_01350,710.1270465560204
row_01355,1461.946337364125
row_01356,4980.471728801144
row_01357,1004.7658510826808
row_01362,3396.756625922747
row_01368,3180.8618301508127
row_01375,2550.7488381937037
row_01380,1532.6300775542934
row_01390,738.7533620359801
row_01396,4343.163270992276
row_01397,3991.210231889969
row_01404,1336.3517156682067
row_01407,631.4007349217441
row_01412,2155.9233873454696
row_01418,1387.715039674498
row_01424,1063.189119824961
row_01433,455.43702026967486
row_01436,3516.359097619786
row_01443,457.7324285181299
row_01456,2144.9527339999336
row_01465,3938.722875135871
row_01475,2943.96922566554
row_01478,2941.3818318757744
row_01494,518.373179546215
row_01497,385.9237766207018
row_01499,999.0579957698878
row_01501,1241.8388481538902
row_01508,5448.8896429087845
row_01513,3370.326305331846
row_01532,2734.1989790928633
row_01534,1827.6181784719645
row_01540,3418.357656634789
row_01552,4187.9966337752885
row_01553,1434.8999549019275
row_01563,109.80481411627206
row_01564,7384.340971309966
row_01565,2183.5792793642795
row_01567,325.1201158997803
row_01572,153.86848752529622
row_01573,3456.1610547543714
row_01576,1171.5840327504202
row_01577,221.25277699882366
row_01583,1747.8297499360867
row_01586,3496.9133444157046
row_01594,4257.071630284665
row_01596,959.4775137096741
row_01598,4473.3343539428415
row_01605,217.92525430784514
row_01616,4999.321705397311
row_01621,555.9549318898022
row_01624,2286.0656631603633
row_01625,1711.558437281027
row_01626,1316.2338525752104
row_01630,1681.0341348898417
row_01639,269.6118498775878
row_01641,1427.9501503289384
row_01643,1775.0200786831147
row_01648,1933.0860818361568
row_01654,110.91387725906802
row_01655,303.8348678587364
row_01656,3985.313537759823
row_01659,2783.801797067351
row_01664,756.6969699024644
row_01666,772.950362738723
row_01687,2279.793995085197
row_01689,1057.3850746106332
row_01693,1006.6848127986934
row_01698,3826.4756761865433
row_01700,3051.160576376288
row_01701,916.055362082629
row_01702,640.296168627924
row_01714,9255.796875277594
row_01725,5567.982195609162
row_01743,882.4586864255409
row_01750,4125.345594846309
row_01762,266.6500005349173
row_01770,4420.787142157239
row_01773,1467.6792114049972
row_01782,2904.0939687300233
row_01784,333.86639340251423
row_01790,2116.0666857329356
row_01792,3328.7001511235767
row_01801,5372.404294781019
row_01802,2594.411864844652
row_01805,39.34158320804073
row_01808,932.7935792307446
row_01822,337.64724579717694
row_01826,454.18491865293623
row_01829,4630.656657687108
row_01836,5082.026456326772
row_01839,668.2930288098479
row_01840,1606.2065294037889
row_01844,1737.0425694001856
row_01845,4107.146748247663
row_01853,482.67582015770404
row_01862,1315.5314212731632
row_01872,887.5847476163025
row_01882,2621.75960708522
row_01886,2399.128889170699
row_01888,1173.3084516794786
row_01895,1228.0389893507213
row_01911,655.8598343982
row_01915,2477.345358459466
row_01926,1461.7729076369112
row_01932,3330.644614920936
row_01946,3382.2501628983878
row_01952,3695.2252022132366
row_01961,260.7842494271355
row_01973,354.4312834899609
row_01982,1378.029187930668
row_01983,637.5806398018524
row_01991,2964.669709996682
row_01993,1076.2326782246798
row_01994,2316.5752297506906
row_01995,1950.0087678365014
row_01998,1999.8548179753884
row_01999,217.52374728812262
row_02005,2730.4182825732023
row_02011,1279.1863227055087
row_02015,2031.26623430933
row_02016,1710.4141212480638
row_02018,1022.8307315910608
row_02055,1206.6900049879596
row_02056,593.315285886258
row_02059,886.4574857517966
row_02068,2518.1523407625727
row_02069,3294.95805128292
row_02076,155.1814771223474
row_02079,174.30049103561387
row_02083,438.25217089838674
row_02086,3650.357975084915
row_02095,399.40401323157755
row_02098,3173.6319591816796
row_02100,7712.455765541516
row_02103,7656.441565723367
row_02106,1924.4052942230364
row_02107,7493.418396937117
row_02112,4240.069217686556
row_02118,1977.5429681913422
row_02126,3753.4010329720736
row_02127,2447.068439424767
row_02130,4234.878295346684
row_02133,1565.1673217329524
row_02146,965.9709848241713
row_02147,2595.6636839716393
row_02152,698.1398217274577
row_02153,5195.635150918362
row_02162,11156.052408511432
row_02164,3530.563959749219
row_02170,2105.4289725237168
row_02193,132.32177472696515
row_02195,2796.7414928954895
row_02199,3015.4865863383893
row_02203,3057.8322661369425
row_02210,318.2097802514556
row_02211,5132.2504365326395
row_02213,2368.245645983967
row_02215,594.364349876638
row_02218,3431.369141894591
row_02225,2047.7152333733359
row_02230,653.0073031291763
row_02235,188.67743126304842
row_02238,773.9900564544128
row_02239,2124.8836062371993
row_02240,258.26553949333714
row_02257,1908.1902512232546
row_02259,3757.329235336813
row_02262,1541.389024553191
row_02272,1029.0352529697918
row_02274,3729.373323642721
row_02279,1418.3740186722996
row_02280,401.1439464633714
row_02283,1103.2650339836953
row_02287,3686.180587051156
row_02294,4578.178843626887
row_02303,1430.0450603902043
row_02310,117.63533960445713
row_02313,1288.2111337702677
row_02316,181.31365494168801
row_02319,3300.4909616470572
row_02322,323.0913463390031
row_02323,117.53642977367831
row_02327,400.21651503760717
row_02332,855.4827272441134
row_02333,438.2802424596075
row_02339,3215.0685010901675
row_02344,4690.384267091664
row_02346,534.4531413719225
row_02351,996.6147146853716
row_02356,4772.773575125943
row_02357,1604.5832602971082
row_02361,2062.3361050324334
row_02363,3936.2167582956617
row_02364,5391.813668194524
row_02370,2480.1148548221236
row_02372,4437.024974964393
row_02374,168.39801393907894
row_02383,445.5508896343992
row_02385,294.07076215333217
row_02393,134.31674475478061
row_02403,1100.7749238713245
row_02411,667.0152316424466
row_02413,850.2084803321629
row_02416,638.8565459419159
row_02417,1756.5234493887463
row_02418,4478.709571450524
row_02419,469.02255478769524
row_02432,4158.95014893024
row_02441,1741.4456668250928
row_02442,4205.5247661918675
row_02443,5434.063579493974
row_02444,3708.3314548437015
row_02445,5019.718165071501
row_02448,388.65108702608075
row_02454,2285.0829302557327
row_02455,3243.6620044855063
row_02462,363.4347328404487
row_02469,1063.582173520048
row_02478,227.17829304779983
row_02482,5690.764322304123
row_02497,1456.0274712317039
row_02500,529.3419188066115
row_02502,5320.9889783240305
row_02504,2319.8739725586515
row_02508,759.3050739038359
row_02512,3079.5246840873633
row_02514,3813.522649979912
row_02519,4946.036231250573
row_02520,4183.127450681835
row_02522,893.2127168460348
row_02523,128.25605529995326
row_02530,1794.4232813920212
row_02531,358.6480757603757
row_02534,3783.5814062930012
row_02536,3612.494728099801
row_02537,2226.122487732632
row_02547,3110.9406617059926
row_02558,1265.8704546745662
row_02569,5733.424522793782
row_02577,283.11473030947747
row_02581,1630.4539650278823
row_02582,2658.7508272597374
row_02584,542.0617507208241
row_02606,150.29654207613635
row_02607,895.4411112242375
row_02612,1365.0201064265382
row_02613,1988.965482953872
row_02621,464.2893315045133
row_02623,2884.274445762762
row_02627,3029.691018582229
row_02628,4658.61693507832
row_02632,769.717195041617
row_02646,1854.7807321919304
row_02648,2100.116683951609
row_02650,2039.0341196605034
row_02656,173.14794400025113
row_02659,499.89223794684585
row_02669,1285.338289279405
row_02670,126.20164691230133
row_02672,797.5396499899038
row_02674,6890.630575957692
row_02675,4283.042110145378
row_02691,2004.5380259019073
row_02700,856.3309311022782
row_02705,359.8485869846223
row_02709,6818.740503095412
row_02712,2860.798484016681
row_02714,7664.313748959763
row_02716,3135.3831068699187
row_02726,2418.7234664012494
row_02738,384.6934106916042
row_02757,708.1362217291108
row_02758,3718.3895543223766
row_02768,3848.2667721535713
row_02772,189.23603940607904
row_02773,1162.4483699630873
row_02776,3346.8149516051935
row_02778,1238.0978765285472
row_02782,4082.619453652406
row_02786,1534.5758280128516
row_02796,722.4388451325729
row_02797,4323.710209444021
row_02800,3466.910578050295
row_02801,1855.0832015383146
row_02807,3838.5038018503083
row_02816,2172.4567503630005
row_02824,5300.897032005697
row_02833,2576.739884704778
row_02834,1821.187022864418
row_02837,1016.6831274111396
row_02839,3859.154684429711
row_02846,3556.830701806546
row_02848,1265.3638482194326
row_02849,2744.2506937456615
row_02852,1875.5982299667605
row_02854,646.2155883543657
row_02855,4880.755220656103
row_02858,3268.494233520078
row_02863,2364.2824046154324
row_02875,3261.11831927934
row_02879,317.63296204646673
row_02883,2634.651145456198
row_02884,3610.017470201876
row_02885,146.48849510392165
row_02886,1652.9701556365967
row_02890,5783.776139640958
row_02892,5867.736563547922
row_02901,977.4099132041573
row_02903,3972.6438384839344
row_02906,2880.2284402537184
row_02908,1073.4787874853698
row_02909,3040.890593825847
row_02919,1947.0863753899876
row_02925,1650.4249132503646
row_02929,3529.70187115917
row_02934,3318.7267746797265
row_02939,2029.9216356237894
row_02940,883.2511991982263
row_02943,1558.8113491076251
row_02951,2963.0673788853696
row_02953,2110.7377618466335
row_02957,3900.5676251192103
row_02962,837.3325099889677
row_02964,3935.010874078262
row_02965,1733.4854809911142
row_02968,1704.7926763269204
row_02977,250.06864091947722
row_02980,4221.91554353609
row_02997,4504.010093744497
row_03001,1182.4328387968994
row_03003,2441.6205251436786
row_03004,2120.5690583716887
row_03006,3726.670740320472
row_03019,2281.3921192658254
row_03025,6759.7666450253855
row_03026,3256.9281366276155
row_03039,1143.7263307055061
row_03046,2448.1068957156026
row_03057,1248.384060477399
row_03059,294.257763959825
row_03074,1562.06174342627
row_03082,1387.362902619651
row_03091,3740.728780684443
row_03092,1332.3607693355295
row_03100,716.0720052657574
row_03103,216.92271016041838
row_03104,2234.1133574152755
row_03113,2377.3539470748187
row_03125,5219.320099270177
row_03126,1769.4444658205884
row_03131,2044.8840932848013
row_03132,4932.774776021186
row_03147,2468.005992875195
row_03159,1424.1070820314624
row_03161,913.1046235327065
row_03165,4744.188146469212
row_03169,507.6131835994409
row_03175,2712.5990750884134
row_03184,1002.0108301546003
row_03187,823.7008409118416
row_03192,603.5087667420885
row_03196,1704.018696966137
row_03202,1812.6857745644331
row_03207,10066.966949241178
row_03208,816.3623808505622
row_03212,5317.7694156374055
row_03218,3157.14332595087
row_03223,1550.3564483692733
row_03226,1112.2752253326082
row_03229,2766.9099961410507
row_03230,910.487703133272
row_03233,843.8967885690199
row_03236,104.3763169691848
row_03239,246.5283098070126
row_03246,2400.8529871014875
row_03253,3387.5575550497033
row_03259,2656.8668923924197
row_03262,1608.3333895064181
row_03267,183.1250899068685
row_03273,567.9642838083805
row_03282,473.2880670220592
row_03283,370.5210237889294
row_03286,1182.9234385240902
row_03288,2952.0879575478284
row_03290,6376.4048087398005
row_03292,2754.536325922605
row_03295,509.43285826531314
row_03305,2682.130734301271
row_03306,2601.7575898026125
row_03320,2536.853357474972
row_03324,358.02592361370324
row_03327,1024.5456954168715
row_03329,396.93723236306226
row_03338,933.8704081826755
row_03344,2123.834841381784
row_03350,1129.282517805286
row_03351,2136.1763749061597
row_03354,3517.7540733821183
row_03362,4711.112343781174
row_03373,6512.693987714964
row_03374,1932.9248861909712
row_03380,110.98622269218603
row_03382,1765.730234006762
row_03386,2181.182486442931
row_03388,1480.9232961277294
row_03394,1501.3124286071231
row_03399,2360.229207561003
row_03402,2163.980673877275
row_03408,1185.3375563847865
row_03431,5240.276073043663
row_03432,1152.766740307827
row_03440,920.138392357494
row_03444,3737.678089247292
row_03448,2887.283366315318
row_03454,1583.7497555794937
row_03458,4902.144452834812
row_03459,1081.923951619423
row_03464,502.49279586623805
row_03475,1143.2007849844053
row_03485,2352.4821825947124
row_03489,313.68005972338767
row_03490,2565.080277346004
row_03493,2619.3194414071854
row_03495,1960.3012705905662
row_03511,3817.762125618527
row_03517,1654.2563173319897
row_03520,3258.4769944219815
row_03522,2845.308459612963
row_03526,2543.3160261468447
row_03529,160.03538267853483
row_03532,1604.9612404830696
row_03537,6213.863024271645
row_03539,2889.403863692506
row_03540,2436.193985767751
row_03547,972.3228583055339
row_03550,1590.8871768032916
row_03551,292.3103289581611
row_03557,2913.881538065157
row_03560,645.009067637893
row_03561,4190.194815311718
row_03562,2730.4356503447634
row_03566,4465.5591892929
row_03567,2082.1287329720262
row_03572,754.6252954375568
row_03583,157.00512331464685
row_03584,5912.779452765855
row_03593,1202.5107866266017
row_03604,8119.349649919365
row_03620,2147.25077928513
row_03631,2426.9566682554423
row_03643,682.5861080889249
row_03647,1210.61254964647
row_03648,637.4661702640257
row_03649,498.24396803196953
row_03658,370.19047471168204
row_03664,3411.5049747614667
row_03673,3584.953561314285
row_03676,1329.8778746237042
row_03680,3463.3982924512597
row_03682,935.6517026422856
row_03687,543.9876155756714
row_03694,3650.000294217607
row_03708,647.3113118469892
row_03714,2067.4490001271956
row_03715,3075.1582241602505
row_03718,1447.694267319191
row_03719,1692.4274281484554
row_03720,2533.04040525824
row_03723,506.010694879818
row_03727,1562.3135855192606
row_03732,1926.2293362326438
row_03734,1944.0211780038912
row_03736,425.2115615001362
row_03742,2433.561714225607
row_03744,501.94557854439347
row_03750,1552.804014086548
row_03755,2755.9242658707008
row_03759,2743.7597025836835
row_03768,4538.796550603791
row_03773,584.4691767847386
row_03775,4738.557305787404
row_03779,2242.5529067939187
row_03783,2000.8585695947056
row_03787,1487.9595344509644
row_03789,3920.068848141577
row_03804,798.2393392504587
row_03811,2972.6237035688446
row_03824,1680.3237847494893
row_03829,1747.1737361405662
row_03831,1600.6551186116644
row_03834,144.7554358114301
row_03836,306.72512181024996
row_03839,4838.0645612113185
row_03847,2587.8264734319855
row_03849,1873.1030744426591
row_03854,4962.691178469079
row_03858,2929.046641683147
row_03859,6129.1941053324845
row_03866,148.36591964661275
row_03867,1325.8668712213137
row_03871,756.9483518237225
row_03876,143.29488901470464
row_03888,1885.7245357294687
row_03891,243.97829652907683
row_03903,2351.911623398609
row_03917,552.8312353978837
row_03920,2919.385284486255
row_03925,2716.7870367854184
row_03926,677.4201009564413
row_03931,1478.7769792402805
row_03933,3109.001562600093
row_03934,362.53052686642974
row_03935,1440.7360241730908
row_03938,7430.328612573234
row_03940,1401.382408303625
row_03942,1051.262538761934
row_03945,4021.884063050769
row_03946,3119.1189361044485
row_03949,698.5195298059098
row_03960,3027.6862485025604
row_03962,1223.7821841053312
row_03965,120.52770501399769
row_03972,1165.3126733860902
row_03982,3277.8005939611467
row_03987,6859.001942480787
row_03991,2305.5435576953355
row_03992,934.2770183499208
row_03996,5082.338176462804
row_03998,2052.2606277786826
row_04009,2963.692288897905
row_04012,3365.8451390745795
row_04024,286.88434916389247
row_04029,1214.552657029621
row_04031,8271.402851957477
row_04033,380.3868457458365
row_04040,3013.839750159111
row_04054,1274.161025131318
row_04055,1531.067313086577
row_04065,1575.9064510846094
row_04066,293.2263755742542
row_04077,2142.2717329399557
row_04078,977.645349718944
row_04081,41.21191428414438
row_04084,3189.793198858287
row_04092,2579.3798733737144
row_04094,2955.0874358984925
row_04101,1253.253581139005
row_04107,627.2627622477395
row_04112,3521.5896216474157
row_04120,544.0249244882075
row_04122,4499.853144855061
row_04127,429.8615657880771
row_04137,897.6079313827496
row_04138,575.5100256689811
row_04139,837.4053527285805
row_04145,3187.9297546619964
row_04147,2228.6571086389063
row_04154,519.1396916536786
row_04158,3133.521162279455
row_04160,997.157618234576
row_04165,3891.321540524621
row_04166,1792.2123973440494
row_04175,6339.220972299961
row_04176,2045.1303232526716
row_04177,3222.693941174611
row_04178,3538.9314734754985
row_04179,507.25048891207837
row_04186,3817.7692944271303
row_04187,1702.208022813671
row_04189,776.8834506100255
row_04193,3298.3522378266052
row_04200,791.7465742313507
row_04207,270.72044498101394
row_04226,526.299285717335
row_04228,2834.0084492140477
row_04229,3961.3293822983637
row_04233,2635.1915531224618
row_04234,7269.727795120435
row_04242,2921.5686923835437
row_04245,763.8856361773023
row_04255,2483.6253873915666
row_04259,806.4360860939182
row_04261,6092.0604032480305
row_04263,1048.3192091734916
row_04268,6207.429937717419
row_04270,2909.921796633678
row_04272,1265.2465870062742
row_04273,1349.4063028758671
row_04278,2635.2722575668704
row_04281,6783.014550452561
row_04285,2977.1068922381705
row_04293,1402.355792932068
row_04301,462.9488264847859
row_04306,78.83577379490163
row_04315,1293.848390956603
row_04316,335.8236757733135
row_04319,3329.348590901196
row_04320,2786.499927917658
row_04333,1124.2100378762966
row_04335,3533.709445135959
row_04349,1265.955715943036
row_04358,2149.1905189267486
row_04359,446.8680739237983
row_04360,1449.9861234617342
row_04365,1974.4590045017408
row_04370,741.381797684812
row_04371,1743.8358130971017
row_04372,2988.6655579577314
row_04373,569.113144532158
row_04374,1536.6497733033416
row_04385,1254.2644296732087
row_04386,1557.599780133205
row_04388,2054.7231737822403
row_04395,2278.1915799858366
row_04398,742.0694238294016
row_04400,3066.938821098663
row_04413,2671.021350168928
row_04416,1402.5266180656859
row_04419,353.7059572173965
row_04438,1735.4577545443183
row_04441,3166.6204477464858
row_04454,2030.3691216372385
row_04470,3165.616328242987
row_04471,5317.834231188052
row_04483,3402.0381312769023
row_04490,4064.077369531183
row_04498,3167.148416108075
row_04522,2643.602473614252
row_04529,1309.9347824769654
row_04537,1480.9271240921269
row_04538,215.46282241017153
row_04539,502.3095769568188
row_04540,1599.679426940174
row_04541,5740.276844822837
row_04542,115.3851712700133
row_04545,789.7195136333858
row_04550,1550.6233109984034
row_04556,141.82314305580962
row_04559,1829.2806083537612
row_04562,1271.5281955873909
row_04563,1703.4269158871955
row_04573,2599.599606506225
row_04574,3463.3229010126697
row_04576,965.0314863177181
row_04577,1294.9829540533012
row_04591,1255.7566498331844
row_04592,3255.3573758322864
row_04597,630.1278285823943
row_04598,161.9034932154416
row_04599,1167.7820838716077
row_04602,1849.1249642025296
row_04606,4248.754633250021
row_04608,2332.9159495812387
row_04620,1748.3974105910088
row_04630,3760.4195396140344
row_04631,2588.668978882222
row_04634,6199.568040235289
row_04636,106.74109242430099
row_04637,1666.8262102132398
row_04638,2385.3175849014983
row_04651,2646.879436547218
row_04653,3021.081818477286
row_04656,1243.1716170851657
row_04657,1561.6156242020004
row_04674,1576.1880697735103
row_04675,1301.077747668542
row_04686,1026.6471960913916
row_04699,882.8583306826939
row_04700,1555.2550971338646
row_04704,2181.0675913534046
row_04709,3616.978091472427
row_04710,2464.8543597302255
row_04729,1277.6738042254367
row_04731,3665.9540723852765
row_04733,606.2341015613316
row_04737,2505.988918653171
row_04741,728.2116578058584
row_04744,5916.3322622454625
row_04745,512.5022767233504
row_04749,956.5358312572879
row_04757,228.17844705556632
row_04759,7306.57834722464
row_04769,5179.141073695798
row_04772,1276.492743281854
row_04775,1837.8963637833142
row_04781,231.18318647886434
row_04783,155.00736504450708
row_04784,5986.029745630894
row_04785,904.1298137673316
row_04787,1191.730656475744
row_04796,2833.3311070929476
row_04799,1126.6136070320756
row_04803,605.0641938907925
row_04814,1337.4675872056303
row_04824,3717.251554394176
row_04826,1625.5921543922348
row_04831,1588.2021909408074
row_04841,1605.4059492654492
row_04843,2454.319110822405
row_04846,250.2003528487741
row_04852,2333.4328878627894
row_04855,1667.6311061520687
row_04859,277.94740111431435
row_04863,423.3799477149816
row_04881,560.3685688503107
row_04886,1905.0824684425768
row_04888,1610.6331859429013
row_04889,4345.6057532459645
row_04902,429.9986277441923
row_04909,2932.168930541433
row_04913,2549.2494664579913
row_04914,2251.5180926815765
row_04929,1755.81343592999
row_04936,1269.9816586239615
row_04937,5017.498800790089
row_04938,305.7019072321916
row_04945,3645.250076610625
row_04955,3020.1897435784117
row_04965,1452.9802417929775
row_04970,335.5926109145695
row_04974,221.67402537069145
row_04976,1365.7940131019645
row_04986,2282.0152858450074
row_04987,2738.888079485377
row_04989,3738.339614497781
row_04995,3703.0155529524327
row_05004,6222.792366096447
row_05018,808.2261863969659
row_05021,631.3159699129078
row_05023,1111.5094317004819
row_05025,877.1294292434213
row_05033,734.0009920931099
row_05034,2856.8415838328733
row_05035,2236.428639183511
row_05036,2837.9296938577795
row_05045,1824.215442188341
row_05047,286.1976450253108
row_05051,720.9373473320684
row_05053,1731.9564061347226
row_05054,153.88069051677982
row_05055,683.3062522821849
row_05063,933.6805845636336
row_05103,2779.5900300089556
row_05107,165.80444577754554
row_05116,5020.948838357259
row_05132,1743.3384060681867
row_05138,846.69042739608
row_05140,2360.591289175345
row_05141,842.1522509149777
row_05142,3037.2894836599853
row_05146,2660.291426533471
row_05147,2080.4801495308934
row_05160,5471.582862950553
row_05162,945.4747065636997
row_05180,1077.5770268686172
row_05185,1961.3921554943254
row_05191,471.7678153188049
row_05199,713.9365021178652
row_05204,1189.1763418171597
row_05213,2288.10703145707
row_05215,170.94545583956153
row_05216,1097.5682408941914
row_05223,4934.622269744587
row_05229,2464.5455227764865
row_05235,3329.4988146007163
row_05237,1926.9678979208413
row_05239,1315.1705059917304
row_05246,2304.2761072380013
row_05247,3444.8359016266945
row_05254,225.2292598619927
row_05258,4520.012069664706
row_05261,3662.6080963463532
row_05262,2116.4223549258368
row_05267,2692.7099292122425
row_05272,1896.15030344464
row_05287,3231.423408915189
row_05290,3031.84942609688
row_05296,3724.1431939141867
row_05297,487.4245526179012
row_05299,2864.36509170614
row_05302,482.6125732689385
row_05303,695.9047200344025
row_05305,8968.793003572215
row_05309,1070.3882358071476
row_05312,2369.2128661308147
row_05314,1325.2748693990684
row_05331,2907.600409650692
row_05336,3142.7275371669502
row_05342,829.1304265912768
row_05343,1713.7101802346692
row_05348,2319.6463256302927
row_05349,392.4237974454301
row_05354,577.7125295435552
row_05358,1323.3033590224045
row_05359,4350.817237814614
row_05360,444.8732673863014
row_05371,6466.7088854138465
row_05377,1628.7291959080464
row_05392,1152.6617407856127
row_05393,691.818836642218
row_05398,559.4427288083759
row_05401,2282.9912386309884
row_05403,512.7891295088623
row_05406,3374.9065983252526
row_05408,733.9861798007996
row_05409,4560.918132055038
row_05418,2901.553688709789
row_05419,775.1807977241115
row_05423,827.1454541805275
row_05429,1571.7870640857655
row_05437,620.5237625181114
row_05446,4690.50788253877
row_05449,1975.3521137589257
row_05451,2212.386912728067
row_05454,4984.776828897118
row_05457,2698.604007630269
row_05459,2068.311363247706
row_05462,5324.001331352189
row_05463,2438.451181070672
row_05476,2652.8294868132843
row_05485,1056.5268135460835
row_05486,2723.3403704204843
row_05493,92.62172626697722
row_05504,2133.413648021836
row_05505,2719.5007653011776
row_05506,1522.7129290883859
row_05507,101.0446367553502
row_05508,385.80927064308395
row_05528,1567.3688037590098
row_05530,3022.8549020909995
row_05546,2195.905224608799
row_05556,2185.943773573892
row_05562,541.4774174146561
row_05563,2939.3943595160094
row_05572,1427.5668085468062
row_05580,2814.7464642657237
row_05590,664.7663333557824
row_05593,531.0269327394689
row_05594,4555.538400809853
row_05597,911.7486162698483
row_05601,1319.2211503826031
row_05602,1090.948921067956
row_05605,1062.6081439025897
row_05623,1113.2366362257317
row_05625,159.42893916333335
row_05630,4099.651540613861
row_05640,212.94742957467
row_05644,307.99074313354424
row_05646,1228.8796257748495
row_05655,1095.5016025454183
row_05658,4609.984569887409
row_05667,440.4490955757409
row_05679,1612.9584747880008
row_05687,672.1961895447477
row_05695,1331.3235889222985
row_05705,4968.3786705786815
row_05707,390.73145970253285
row_05711,369.1703997309156
row_05716,3241.0029421399568
row_05718,1375.628097955349
row_05725,661.089489391956
row_05728,2353.1656673924185
row_05729,3597.223894171195
row_05732,2656.989578922817
row_05738,3520.721620727814
row_05741,2783.8695325803983
row_05742,1583.9535149267113
row_05753,143.3259657313715
row_05756,2144.108924295838
row_05758,2346.9641555063813
row_05763,342.06657358887486
row_05774,48.46652183463871
row_05778,3965.0139274167896
row_05781,2651.116550331053
row_05786,304.25696965519086
row_05793,613.1744717017119
row_05796,8945.624959606834
row_05800,186.05450509795557
row_05805,314.82116116251865
row_05806,2753.194483815389
row_05809,10783.950392570332
row_05816,345.85226332092196
row_05831,5483.978859963659
row_05833,2983.765852711082
row_05836,2737.6762153010836
row_05840,335.74812105211856
row_05847,310.8124261700789
row_05849,149.3867940448617
row_05851,1116.666267310134
row_05864,4290.763408795566
row_05870,2192.0994633397113
row_05876,1208.9364152448625
row_05877,3796.1839972733114
row_05878,783.6358067476579
row_05882,6688.892598603585
row_05883,2117.4700235467444
row_05893,251.39434942250267
row_05910,549.1760461785875
row_05913,4102.798634593247
row_05915,1188.1273453440256
row_05916,983.8257398427635
row_05925,3839.1505524956874
row_05929,2363.9855730326562
row_05932,4005.6247215386115
row_05935,4746.612614669307
row_05938,1109.7532235173778
row_05942,222.1975882706531
row_05950,410.66993980148436
row_05951,373.73292795680976
row_05965,2449.927705579091
row_05970,2192.0358396640313
row_05971,3179.819422691004
row_05977,899.0878147218084
row_05979,2138.5354677966748
row_05980,4911.959127994476
row_05981,3483.7627863424927
row_05982,1902.8907587406973
row_05986,3768.2270856828977
row_05994,1345.0886808016219
row_05996,4384.275138518084
row_06000,1711.8108321930713
row_06001,2224.046929311443
row_06002,3308.7769248417326
row_06012,3963.1845364085452
row_06023,1479.9289071499493
row_06027,1558.6961261093757
row_06032,3746.055790672588
row_06045,1274.1352381954866
row_06047,1859.2194856230426
row_06048,436.24947696112133
row_06053,2687.6026612251335
row_06061,1852.0031981992852
row_06063,792.5255082324308
row_06072,1390.5031628962074
row_06076,289.23410290822994
row_06082,2641.77328766233
row_06097,4901.948999956666
row_06098,2174.6744331120726
row_06106,773.0695679670813
row_06109,4168.668955274705
row_06115,1664.0098966216317
row_06116,305.83535238028173
row_06122,5416.726109589256
row_06124,4143.765709563259
row_06127,150.91824458777094
row_06137,5887.073754649795
row_06142,306.31657585981446
row_06144,5617.248930691886
row_06145,1513.6939300959123
row_06146,1539.7414943027268
row_06150,1405.8159879937966
row_06153,2544.902541742809
row_06156,1308.0320391762343
row_06164,3520.4008592193877
row_06191,359.96369276640496
row_06193,760.9525537250139
row_06194,486.485769237577
row_06199,2592.6636701169537
row_06201,173.6692592962283
row_06202,497.99387872186475
row_06212,632.2064071137265
row_06213,4687.505244493989
row_06218,1348.2383532530343
row_06228,5811.758031881147
row_06231,2910.7871227631217
row_06237,2797.770114855064
row_06239,1731.8100684529993
row_06240,1471.4222418474542
row_06242,2865.0525514501533
row_06243,2106.569123767625
row_06248,3020.258441626043
row_06258,1417.980802055734
row_06260,787.1009693127296
row_06263,1751.991148587486
row_06268,2574.667684949465
row_06269,1626.5944051860656
row_06279,519.0068131791847
row_06283,307.6192331404722
row_06285,2568.6895120123745
row_06292,1486.870794496585
row_06295,2139.04256903513
row_06323,3467.6072767630235
row_06324,246.89842016673668
row_06326,3523.793908432299
row_06330,476.67915339543026
row_06338,3294.8770663437226
row_06343,598.1706209979129
row_06351,760.7582398574629
row_06352,1150.3851907617995
row_06355,3941.6006093455817
row_06366,3170.8064545133384
row_06369,916.9051291560324
row_06371,3157.3666670010375
row_06399,3565.6531546538113
row_06412,2156.812844582067
row_06416,698.7754078422684
row_06421,4896.631828301624
row_06424,3974.4963354152706
row_06431,3136.901237606726
row_06435,3433.1122879598943
row_06438,1430.4029639893436
row_06444,40.964910970452365
row_06447,7392.829722858868
row_06455,568.0614648921229
row_06462,1781.0427778253802
row_06463,78.00185794314048
row_06464,2386.8116669797155
row_06471,5466.272853948
row_06475,2888.6698784657506
row_06479,652.154840383912
row_06485,356.10523894405713
row_06495,1098.0678428868011
row_06499,329.45692397143193
row_06504,1227.2733721785537
row_06505,4967.505879942067
row_06510,3250.635781171067
row_06511,2916.234864479471
row_06514,1790.8826388075895
row_06516,538.1203277224575
row_06518,2512.7615077269984
row_06520,243.14800574531887
row_06525,2940.7258719310084
row_06528,1834.708665034228
row_06531,1419.671323674301
row_06534,790.2134904603739
row_06539,932.4889262336529
row_06541,332.1058019356646
row_06543,3719.4578943777083
row_06546,3588.205018286772
row_06552,5674.476333740052
row_06553,2787.448184142501
row_06554,2613.26988239232
row_06559,1672.0700464401255
row_06563,4711.962650695218
row_06578,4307.116433403822
row_06591,2306.195470169986
row_06594,262.838795582814
row_06596,4023.5981049470365
row_06599,796.2156690869343
row_06600,4760.463718522164
row_06602,3601.4903718432947
row_06603,310.3877557357353
row_06611,2531.974578352824
row_06616,3145.3820123421924
row_06617,822.918752583194
row_06619,8482.656992459717
row_06630,1161.4802504346508
row_06633,1275.2649747554924
row_06636,3275.6974238759676
row_06645,540.0084462909294
row_06646,322.7385415804497
row_06647,2254.5220224782365
row_06648,4484.759374155724
row_06651,3149.1781575847117
row_06660,4805.3119820183565
row_06663,767.2156356506357
row_06668,258.90289160148984
row_06669,499.89261701226496
row_06671,1735.077579911855
row_06673,5043.037300606497
row_06675,7601.143018969107
row_06677,3071.7966058746265
row_06682,7706.403232571439
row_06683,723.6972196222495
row_06684,1300.5377079347359
row_06686,441.1273583808812
row_06689,3157.980062522421
row_06693,4018.205188690584
row_06696,480.7221758287039
row_06697,1448.6080620052533
row_06701,3514.590230078762
row_06710,4648.743087793336
row_06717,2844.6544588183338
row_06719,5185.967916629452
row_06720,3431.381226536736
row_06722,3225.1265910476645
row_06723,4142.366359603385
row_06735,2083.130330432432
row_06746,2375.4973072109024
row_06748,2810.1390036766193
row_06750,3208.775056495467
row_06772,4296.379500394684
row_06776,769.7069752148369
row_06782,3136.096439557332
row_06785,2110.2761258072446
row_06786,4709.6180296280445
row_06805,4758.4738635050935
row_06809,3005.5922995795177
row_06813,2941.1765987927524
row_06817,3683.75568583668
row_06818,1082.1527234159466
row_06821,1278.8095141768797
row_06825,905.7674563700637
row_06828,9056.069601609082
row_06834,4663.035423587944
row_06838,814.514299606382
row_06841,833.1262832046356
row_06842,1012.7701775458751
row_06852,167.28219730885812
row_06855,357.8929955113285
row_06856,361.4451638903728
row_06866,2447.818121502423
row_06872,2856.657824908842
row_06873,2008.5783447546175
row_06885,1564.9561124346078
row_06901,1979.4597303396336
row_06902,1709.8858302875963
row_06903,536.5948441714878
row_06906,133.5249063045581
row_06907,786.3735934108967
row_06912,802.1102648138049
row_06914,6581.897862743812
row_06915,841.4119754531686
row_06918,876.2599013808377
row_06920,626.4983720325104
row_06924,3900.341778684236
row_06929,1485.358888103207
row_06943,238.4319701698021
row_06945,1222.7360951087376
row_06946,1224.417380816861
row_06948,2936.4209099092923
row_06954,2907.0001403349006
row_06955,102.78735697208114
row_06960,567.5993800109718
row_06963,674.0795772953373
row_06966,907.7498154560657
row_06969,522.896195958387
row_06982,2122.7269915011325
row_06997,2146.6551658443855
row_07002,1592.171252517713
row_07003,6263.065212904528
row_07005,5393.502800165952
row_07012,2635.399971027229
row_07017,1549.5836958901318
row_07019,3378.3320079993864
row_07023,3555.0518343567533
row_07025,1510.2668366711866
row_07029,6539.6019990433615
row_07030,3344.9031477772423
row_07038,3457.052349821629
row_07042,2758.804113855209
row_07043,2002.9764744419247
row_07045,605.6330010186299
row_07048,3703.4961354225456
row_07050,167.0591756858929
row_07052,6489.948237202243
row_07067,223.39265850649852
row_07069,575.1798970419524
row_07072,2314.4952454755394
row_07073,1094.2304430364109
row_07075,1167.442767699817
row_07076,1766.0486619558164
row_07085,1607.01320457754
row_07091,474.0595669825252
row_07095,68.98362133344742
row_07096,1324.9808918671076
row_07097,1441.919067562706
row_07100,1006.5764810358586
row_07118,4754.625149489019
row_07120,1938.179720242279
row_07136,1957.907406853211
row_07138,1486.5871130800074
row_07140,2810.263499079916
row_07142,2018.5461477923425
row_07152,536.197296796429
row_07155,2909.378254890358
row_07170,861.5962898786578
row_07173,591.8703759072077
row_07181,1779.8078275216587
row_07196,5320.84994366813
row_07205,600.2966776488931
row_07206,1218.5863559967343
row_07208,2196.7638414553144
row_07219,4439.485720337326
row_07225,116.66108813078907
row_07228,643.5228869354477
row_07229,562.2526167839044
row_07235,5936.067347845659
row_07239,489.7326130263977
row_07243,1680.797939950163
row_07248,1700.361280241278
row_07250,5404.714709127107
row_07251,1129.9960065755643
row_07258,1913.452808413958
row_07261,151.52408673235735
row_07277,3457.829196295071
row_07288,3417.464663289315
row_07292,5966.8193428185405
row_07301,859.2017408668355
row_07303,955.6555795192876
row_07304,4956.304833872974
row_07315,814.6870011423551
row_07317,7082.678518742913
row_07320,1165.60743848328
row_07324,8232.95003660867
row_07334,1769.911732959147
row_07354,1485.923549022706
row_07356,295.08955803657244
row_07357,190.95690531888502
row_07358,332.27592152995396
row_07360,2782.9014812229475
row_07362,2535.944507950943
row_07370,430.0977775197945
row_07375,2100.283849878798
row_07380,8051.431596103574
row_07394,1266.772648398951
row_07396,3654.745366939621
row_07397,1805.19352273988
row_07402,1994.3357924470563
row_07406,1746.3860652498151
row_07423,4891.71804050041
row_07424,5484.289839210389
row_07431,1559.7511645056275
row_07435,4746.475573448424
row_07439,4513.5708215506
row_07448,1358.0980397325302
row_07454,2009.2526211470697
row_07460,2825.2914463073544
row_07463,1102.392383752736
row_07464,812.3242816140787
row_07480,3220.2470200176485
row_07491,2091.211208789058
row_07495,808.2356900762919
row_07496,53.95393671837395
row_07504,1079.7601433480072
row_07514,1759.4534798761933
row_07515,691.8425964979264
row_07516,3378.26502791227
row_07518,625.1962649445803
row_07524,3216.6901344069083
row_07525,1126.3293280560067
row_07528,2953.44565639105
row_07529,62.75323104982272
row_07532,2490.699591064157
row_07534,880.0334932083703
row_07537,1402.0097045892478
row_07541,737.4265815554586
row_07546,123.1614304943484
row_07551,1831.513665825007
row_07557,1678.1719032588219
row_07571,6307.425202377624
row_07577,2560.1806428073814
row_07580,5179.410641452055
row_07587,319.1899385496573
row_07591,2144.7672725935704
row_07592,1277.6058254106258
row_07609,4126.055692164319
row_07633,3779.9441328433295
row_07634,3392.923770436872
row_07649,1509.7026799711768
row_07677,3446.480758634244
row_07683,1911.375295974903
row_07687,1462.721352642853
row_07697,6157.31555183058
row_07698,1582.0137475500578
row_07700,709.4215517132952
row_07709,5336.116240305445
row_07713,125.6169014844817
row_07715,194.8106379315481
row_07726,834.8812166048658
row_07734,3507.6302818475087
row_07746,2458.8234937307075
row_07748,2254.9420728334585
row_07753,3891.226625456068
row_07755,3675.2968334409
row_07759,2920.9112310411465
row_07763,2033.0143364142198
row_07771,986.4466644255167
row_07784,1931.987644882716
row_07790,2909.426050012979
row_07796,2915.3829943172054
row_07800,1214.6287196501432
row_07804,5319.782353941272
row_07806,234.93408378673655
row_07808,2618.359807133838
row_07812,1242.8330317679568
row_07819,7050.7398517705815
row_07821,633.091317399588
row_07822,1195.7147501771028
row_07823,4956.344837884139
row_07825,1854.3440306045738
row_07839,2728.306321020718
row_07843,4025.7429586329113
row_07847,97.64461450635541
row_07861,3635.9557772885155
row_07864,1130.144307814268
row_07869,1995.7296587379565
row_07870,1735.3379219984665
row_07871,2859.0810766037935
row_07879,2965.2273581460504
row_07886,6184.608991372984
row_07888,2649.9625272314156
row_07891,180.10635751394955
row_07893,860.4879307300047
row_07896,1604.7303277995052
row_07899,2391.5182583048386
row_07902,1328.5656766227469
row_07911,494.19938442162555
row_07912,1270.1894627530587
row_07915,2133.9897382957456
row_07923,2892.3415370702987
row_07935,3890.160663359929
row_07939,2074.084277783796
row_07943,1454.9064415622076
row_07950,10360.494613407063
row_07952,2642.8830811801267
row_07959,833.6834171216965
row_07960,6344.4089300000915
row_07966,132.1368668456427
row_07967,3575.3256363512915
row_07969,4775.034174910366
row_07971,701.6962264421821
row_07977,1804.6605027668684
row_07981,3325.6371662855713
row_07988,1838.281642786587
row_07991,1569.388004645784
row_07993,2284.21990537923
row_07994,4853.930453046201
row_07996,772.1884389169297
row_08010,5241.653326716293
row_08016,1147.288549756107
row_08022,2222.498864448743
row_08023,1476.810378116965
row_08027,429.1959760488062
row_08029,1767.9937734841412
row_08031,4352.851074023264
row_08032,463.5370782758814
row_08042,1721.8365003051579
row_08048,4592.078793953021
row_08050,5182.940662187019
row_08055,207.04182865640146
row_08060,2693.2150697704315
row_08062,3086.305273151398
row_08067,2183.879548402056
row_08072,704.5296388729543
row_08073,2180.775572403104
row_08075,1609.4678176661284
row_08079,537.4096623142196
row_08081,778.1139856786004
row_08083,411.79895241656214
row_08086,2056.9279430506585
row_08089,307.9322894804722
row_08097,1016.7227842245751
row_08101,2161.6041415846275
row_08111,3165.8889060458177
row_08118,3367.193468125966
row_08121,2872.554760774395
row_08140,994.1023853488549
row_08142,2243.1370648709158
row_08155,1009.0886492342823
row_08156,6320.207006772223
row_08158,4235.896449227329
row_08180,2368.2889201599846
row_08185,462.44727997505447
row_08191,1413.516436656827
row_08201,108.8529462707058
row_08204,2596.781701914257
row_08213,419.5564978123632
row_08220,2397.5427858174057
row_08225,2696.046050804071
row_08231,8022.445886708871
row_08242,6917.824660515176
row_08245,556.0592737159856
row_08248,116.55616699213846
row_08258,598.6773135844825
row_08260,2798.1217801294215
row_08264,5266.624155743909
row_08268,5761.566009448868
row_08282,1825.5951154471763
row_08298,5347.082947663097
row_08300,3392.365655200174
row_08301,820.9039498183986
row_08306,1407.825043558376
row_08308,2556.0323220573428
row_08313,686.1192385515773
row_08320,2865.5072070525243
row_08322,430.8407414071884
row_08329,4205.132836762055
row_08330,1131.2267631440511
row_08332,869.205602953231
row_08336,172.96122208872677
row_08337,1421.9423968926274
row_08340,475.3135315065112
row_08345,2918.008876174141
row_08355,340.6443736478361
row_08357,3866.5977175801354
row_08360,1663.7387405504815
row_08367,1930.6435747892501
row_08373,1037.3334026406897
row_08375,1948.3963512347389
row_08382,8126.506664097965
row_08385,3807.2303663061534
row_08386,1699.1046966550125
row_08392,1187.694344877624
row_08408,3102.668444988841
row_08413,1755.1182939665534
row_08418,8541.862887560128
row_08423,2434.3036758993967
row_08450,2537.7855618518347
row_08456,1723.0582319733223
row_08458,1562.2129952613636
row_08462,2641.0063983806663
row_08464,758.7119145794253
row_08465,172.15168937376657
row_08470,1402.205611165992
row_08472,4030.74295950694
row_08477,890.5290413392607
row_08479,598.8189450732426
row_08481,4008.6724404484335
row_08483,1672.6106448869564
row_08489,198.73199033476493
row_08491,1852.1278400563826
row_08504,2462.5796722371297
row_08515,1137.1890036045304
